port_id,parent_node_id,mqtt_node,board_location,signal_index,uid,packed,system_name,user_name,mast_user_name,head_role,topic,device_type,voltage_rail,notes
C4-OU2-1,C4,4,West - Lower,0,32,432,IH432,Head 6LB Top,Mast 6LB,T,track/signalhead/IH432,Searchlight Signal Head,5V,LCOS Signal 0 UID 32; Digicon mast '6LB'
C4-OU2-2,C4,4,West - Lower,1,33,433,IH433,Head 6LB Bottom,Mast 6LB,B,track/signalhead/IH433,Searchlight Signal Head,5V,LCOS Signal 1 UID 33; Digicon mast '6LB'
C4-OU2-3,C4,4,West - Lower,2,34,434,IH434,Head 6LA,Mast 6LA,S,track/signalhead/IH434,Searchlight Signal Head,5V,LCOS Signal 2 UID 34; Digicon mast '6LA' (1-head; was Top of 2-head)
C4-OU2-5,C4,4,West - Lower,4,36,436,IH436,Head 4RA,Mast 4RA,S,track/signalhead/IH436,Searchlight Signal Head,5V,LCOS Signal 4 UID 36; Digicon mast '4RA'
C4-OU2-6,C4,4,West - Lower,5,37,437,IH437,Head 4RB,Mast 4RB,S,track/signalhead/IH437,Searchlight Signal Head,5V,LCOS Signal 5 UID 37; Digicon mast '4RB'
C4-OU3-1,C4,4,West - Lower,6,38,438,IH438,Head 2L Top,Mast 2L,T,track/signalhead/IH438,Searchlight Signal Head,5V,LCOS Signal 6 UID 38; Digicon mast '2L'
C4-OU3-2,C4,4,West - Lower,7,39,439,IH439,Head 2L Bottom,Mast 2L,B,track/signalhead/IH439,Searchlight Signal Head,5V,LCOS Signal 7 UID 39; Digicon mast '2L'
C1-OU2-1,C1,13,Helix - Lower (Track Barn / West Yard),0,32,1332,IH1332,Head 8RA Top,Mast 8RA,T,track/signalhead/IH1332,Searchlight Signal Head,5V,LCOS Signal 0 UID 32; Digicon mast '8RA'
C1-OU2-2,C1,13,Helix - Lower (Track Barn / West Yard),1,33,1333,IH1333,Head 8RA Bottom,Mast 8RA,B,track/signalhead/IH1333,Searchlight Signal Head,5V,LCOS Signal 1 UID 33; Digicon mast '8RA'
C1-OU2-3,C1,13,Helix - Lower (Track Barn / West Yard),2,34,1334,IH1334,Head 8LB,Mast 8LB,S,track/signalhead/IH1334,Searchlight Signal Head,5V,LCOS Signal 2 UID 34; Digicon mast '8LB'
C1-OU2-4,C1,13,Helix - Lower (Track Barn / West Yard),3,35,1335,IH1335,Head 8RB Top,Mast 8RB,T,track/signalhead/IH1335,Searchlight Signal Head,5V,LCOS Signal 3 UID 35; Digicon mast '8RB'
C1-OU2-5,C1,13,Helix - Lower (Track Barn / West Yard),4,36,1336,IH1336,Head 8RB Bottom,Mast 8RB,B,track/signalhead/IH1336,Searchlight Signal Head,5V,LCOS Signal 4 UID 36; Digicon mast '8RB'
C1-OU2-6,C1,13,Helix - Lower (Track Barn / West Yard),5,37,1337,IH1337,Head 8LA Top,Mast 8LA,T,track/signalhead/IH1337,Searchlight Signal Head,5V,LCOS Signal 5 UID 37; Digicon mast '8LA'
C1-OU3-1,C1,13,Helix - Lower (Track Barn / West Yard),6,38,1338,IH1338,Head 8LA Bottom,Mast 8LA,B,track/signalhead/IH1338,Searchlight Signal Head,5V,LCOS Signal 6 UID 38; Digicon mast '8LA'
C7-OU2-1,C7,12,North - Upper (East End),0,32,1232,IH1232,Head 24RA Top,Mast 24RA,T,track/signalhead/IH1232,Searchlight Signal Head,5V,LCOS Signal 0 UID 32; Digicon mast '24RA'
C7-OU2-2,C7,12,North - Upper (East End),1,33,1233,IH1233,Head 24RA Bottom,Mast 24RA,B,track/signalhead/IH1233,Searchlight Signal Head,5V,LCOS Signal 1 UID 33; Digicon mast '24RA'
C7-OU2-3,C7,12,North - Upper (East End),2,34,1234,IH1234,Head 24L Top,Mast 24L,T,track/signalhead/IH1234,Searchlight Signal Head,5V,LCOS Signal 2 UID 34; Digicon mast '24L'
C7-OU2-4,C7,12,North - Upper (East End),3,35,1235,IH1235,Head 24L Bottom,Mast 24L,B,track/signalhead/IH1235,Searchlight Signal Head,5V,LCOS Signal 3 UID 35; Digicon mast '24L'
C7-OU2-5,C7,12,North - Upper (East End),4,36,1236,IH1236,Head 24RB,Mast 24RB,S,track/signalhead/IH1236,Searchlight Signal Head,5V,LCOS Signal 4 UID 36; Digicon mast '24RB'
C7-OU2-6,C7,12,North - Upper (East End),5,37,1237,IH1237,Head 34L Top,Mast 34L,T,track/signalhead/IH1237,Searchlight Signal Head,5V,LCOS Signal 5 UID 37; Digicon mast '34L'
C7-OU3-1,C7,12,North - Upper (East End),6,38,1238,IH1238,Head 34L Bottom,Mast 34L,B,track/signalhead/IH1238,Searchlight Signal Head,5V,LCOS Signal 6 UID 38; Digicon mast '34L'
C7-OU3-2,C7,12,North - Upper (East End),7,39,1239,IH1239,Head 32R,Mast 32R,S,track/signalhead/IH1239,Searchlight Signal Head,5V,LCOS Signal 7 UID 39; Digicon mast '32R'
C7-OU3-3,C7,12,North - Upper (East End),8,40,1240,IH1240,Head 34R Top,Mast 34R,T,track/signalhead/IH1240,Searchlight Signal Head,5V,LCOS Signal 8 UID 40; Digicon mast '34R'
C7-OU3-4,C7,12,North - Upper (East End),9,41,1241,IH1241,Head 34R Bottom,Mast 34R,B,track/signalhead/IH1241,Searchlight Signal Head,5V,LCOS Signal 9 UID 41; Digicon mast '34R'
D1-OU2-1,D1,1,Princess / Helix DCC node,0,32,132,IH132,Head 40LB Top,Mast 40LB,T,track/signalhead/IH132,Searchlight Signal Head,5V,LCOS Signal 0 UID 32; Digicon mast '40LB'
D1-OU2-2,D1,1,Princess / Helix DCC node,1,33,133,IH133,Head 40LB Bottom,Mast 40LB,B,track/signalhead/IH133,Searchlight Signal Head,5V,LCOS Signal 1 UID 33; Digicon mast '40LB'
D1-OU2-3,D1,1,Princess / Helix DCC node,2,34,134,IH134,Head 2036,Mast 2036,S,track/signalhead/IH134,Searchlight Signal Head,5V,LCOS Signal 2 UID 34; Digicon mast '2036'
D1-OU2-4,D1,1,Princess / Helix DCC node,3,35,135,IH135,Head 36RA Top,Mast 36RA,T,track/signalhead/IH135,Searchlight Signal Head,5V,LCOS Signal 3 UID 35; Digicon mast '36RA'
D1-OU2-5,D1,1,Princess / Helix DCC node,4,36,136,IH136,Head 36RA Bottom,Mast 36RA,B,track/signalhead/IH136,Searchlight Signal Head,5V,LCOS Signal 4 UID 36; Digicon mast '36RA'
D1-OU2-6,D1,1,Princess / Helix DCC node,5,37,137,IH137,Head 36RB Top,Mast 36RB,T,track/signalhead/IH137,Searchlight Signal Head,5V,LCOS Signal 5 UID 37; Digicon mast '36RB'
D1-OU2-7,D1,1,Princess / Helix DCC node,6,38,138,IH138,Head 36RB Bottom,Mast 36RB,B,track/signalhead/IH138,Searchlight Signal Head,5V,LCOS Signal 6 UID 38; Digicon mast '36RB'
D1-OU2-8,D1,1,Princess / Helix DCC node,7,39,139,IH139,Head 38LB Top,Mast 38LB,T,track/signalhead/IH139,Searchlight Signal Head,5V,LCOS Signal 7 UID 39; Digicon mast '38LB'
D1-OU3-1,D1,1,Princess / Helix DCC node,8,40,140,IH140,Head 38LB Bottom,Mast 38LB,B,track/signalhead/IH140,Searchlight Signal Head,5V,LCOS Signal 8 UID 40; Digicon mast '38LB'
D1-OU3-2,D1,1,Princess / Helix DCC node,9,41,141,IH141,Head 2035,Mast 2035,S,track/signalhead/IH141,Searchlight Signal Head,5V,LCOS Signal 9 UID 41; Digicon mast '2035'
D1-OU3-3,D1,1,Princess / Helix DCC node,10,42,142,IH142,Head 40LA,Mast 40LA,S,track/signalhead/IH142,Searchlight Signal Head,5V,LCOS Signal 10 UID 42; Digicon mast '40LA'
D1-OU3-4,D1,1,Princess / Helix DCC node,11,43,143,IH143,Head 38LA,Mast 38LA,S,track/signalhead/IH143,Searchlight Signal Head,5V,LCOS Signal 11 UID 43; Digicon mast '38LA'
